color,beige
color,black
color,blue
color,brown
color,cream
color,green
color,grey
color,multicolor,multi-color,multicolored,multi-colored,multicolour,multi-colour,multicoloured,multi-coloured
color,orange
color,pink
color,purple
color,red
color,striped,stripes,stripe
color,tricolor,tri-color,tricolored,tri-colored,tricolour,tri-colour,tricoloured,tri-coloured
color,white
color,yellow
ingredient,almonds,almond
ingredient,bananas,banana
ingredient,banana cream pudding,banana pudding
ingredient,berries,berry
ingredient,black licorice,licorice
ingredient,blueberries,blueberry
ingredient,butterscotch
ingredient,cake
ingredient,chips,chip
ingredient,chocolate
ingredient,chocolate chips,chocolate chip
ingredient,chocolate chunks,chocolate chunk
ingredient,cookies,cookie,cookie chunks,cookie chunk,cookie pieces,cookie piece
ingredient,cookie dough,dough
ingredient,cream cheese
ingredient,crumbs,crumb topping,crumb
ingredient,crumble,crumble topping
ingredient,pie crust,crust
ingredient,fruit,fruits
ingredient,fudge
ingredient,graham cracker,graham crackers,graham cracker crumbs
ingredient,maple syrup
ingredient,marshmallow,marshmallows,marshmellow,marshmellows
ingredient,mint
ingredient,nuts,nut
ingredient,oranges
ingredient,oreo cookies,oreo cookie,oreos,oreo
ingredient,peanuts,peanut
ingredient,pecans,pecan
ingredient,pistachios,pistachio
ingredient,pudding
ingredient,raspberries,raspberry
ingredient,red velvet cake
ingredient,shortcake
ingredient,strawberries,strawberry
ingredient,vanilla
ingredient,vanilla wafers,wafers
ingredient,walnuts,walnut
flavor,banana cream pie
flavor,booberry pie
flavor,butterscotch ripple
flavor,chocolate
flavor,chocolate chip
flavor,chocolate fudge
flavor,cookie dough
flavor,cookies and cream,cookies & cream
flavor,fudge ripple
flavor,heavenly hash
flavor,maple walnut
flavor,mint chocolate chip
flavor,neapolitan
flavor,oreo cookie
flavor,pistachio
flavor,raspberry ripple
flavor,red velvet cake
flavor,rocky road
flavor,strawberry
flavor,strawberry shortcake
flavor,tiger tail
flavor,vanilla